release,title,genre,budget,opening,domestic,worldwide
20170120,Split,Horror,5000000,40010975,138141585,278449984
20170120,xXx: Return of Xander Cage,Action,85000000,20130142,44898413,345114933
20170127,A Dog’s Purpose,Drama,25000000,18222810,64321890,205272612
20170106,Underworld: Blood Wars,Action,0,13688751,30405609,81096784
20170127,Resident Evil: The Final Chapter,Action,40000000,13601682,26844692,307353906
20170113,The Bye Bye Man,Thriller/Suspense,7400000,13501349,22395806,25863405
20170113,Monster Trucks,Adventure,125000000,10950705,33370166,61681268
20170113,Sleepless,Thriller/Suspense,0,8344128,20783704,27224309
20170127,Gold,Drama,0,3471316,7227038,11478501
20170120,The Founder,Drama,15000000,3404102,12786243,18301418
20170125,Raees,Action,0,1798379,2369469,5429008
20170120,The Resurrection of Gavin Stone,Comedy,0,1206771,2303792,2303792
20170127,Un Padre No Tan Padre,Comedy,0,978894,2156047,6101504
20170113,Ok Jaanu,Drama,0,225968,355922,3250846
20170127,Buddies in India,Action,0,181705,292662,108878601
20170106,Railroad Tigers,Action,0,116211,218044,101514125
20170127,Gong fu yu jia,Action,0,111979,362657,254569616
20170127,Forushande,Drama,0,71078,2402067,4712617
20170113,Some Like It Hot,Romantic Comedy,0,42230,42230,95318745
20170106,A Monster Calls,Drama,43000000,30909,3740823,46422066
20170120,La Tortue Rouge,Adventure,0,21010,920057,6589872
20170113,Enas Allos Kosmos,Drama,0,16353,60298,269917
20170113,Jeder stirbt fur sich allein,Drama,0,8869,33125,729848
20170113,Vince Giordano: There’s a Future in…,Documentary,0,6285,14807,14807
20170120,"My Father, Die",Action,0,3229,4252,4252
20170106,German Concentration Camps Factual Su…,Documentary,0,3000,4468,4468
20170113,Relève: Histoire d'une création,Documentary,0,2198,5454,5454
20170105,Arise from Darkness,Horror,0,1944,6112,6112
20170120,The Sunshine Makers,Documentary,0,1874,10042,10042
20170120,Trespass Against Us,Action,0,1620,5711,421509
20170106,"Accidental Courtesy: Daryl Davis, Rac…",Documentary,0,1452,1940,1940
20170127,Emily,Drama,27000,1164,3547,3547
20170127,Massacre on Aisle 12,Comedy,0,967,21106,21106
20170106,A Different American Dream,Documentary,0,848,1172,1172
20170106,D’Ardennen,Thriller/Suspense,0,840,5638,6543
20170113,Tenemos La Carne,Horror,0,835,8438,8438
20170120,Royahaye dame sobh,Documentary,0,707,5937,5937
20170127,Speed Sisters,Documentary,0,370,3423,26489
20170120,Detour,Thriller/Suspense,0,145,1788,4059
20170117,Huntwatch,Documentary,0,0,0,0
20170113,Bad Kids of Crestview Academy,Black Comedy,0,0,0,0
20170124,The Hangman: Shepherds and Butchers,,0,0,0,0
20170125,Kaabil,Action,0,0,0,600441
20170126,Get the Girl,Black Comedy,0,0,0,0
20170124,Guardianes de Oz,Adventure,0,0,0,524809
20170103,American Beast,,0,0,0,0
20170120,Sophie and the Rising Sun,Drama,0,0,34630,34630
20170124,La Noire de,,0,0,0,0
20170117,Barbie: Video Game Hero,,0,0,0,0
20170113,Mostly Sunny,Documentary,0,0,4046,4046
20170120,La glace et le ciel,Documentary,0,0,14475,18917
20170103,Ouija 3: The Charlie Charlie Challenge,Horror,0,0,0,0
20170124,The Harrow,,0,0,0,0
20170106,Arsenal,Action,0,0,0,0
20170117,Lego Jurassic World: The Indominus Es…,,0,0,0,0
20170113,Go North,Thriller/Suspense,0,0,0,0
20170106,Lost & Found,Adventure,0,0,0,0
20170110,An Act of Love,Documentary,0,0,0,0
20170113,Le fils de Joseph,Drama,0,0,30588,38762
20170113,Ma,Drama,0,0,0,0
20170124,Justice League: Dark,Adventure,0,0,0,0
20170117,The Babymooners,,0,0,0,0
20170105,The Bronx Bull,Drama,0,0,0,0
20170125,Singam 3,Action,0,0,0,45221
20170113,Pitchfork,Horror,0,0,0,0
20170120,They Call Us Monsters,Documentary,0,0,0,0
20170113,100 Streets,Drama,0,0,0,307
20170131,Scooby Doo Shaggy’s Showdown,,0,0,0,0
20170131,Meet the Donors: Does Money Talk?,Documentary,0,0,0,0
20170131,Two Lovers and a Bear,Drama,6840000,0,0,22273
20170117,Below the Surface,,0,0,0,0
20170117,Bad Day at Black Rock,,0,0,0,0
20170119,Gekijô-ban — Bishôjo senshi Sêr?…,Adventure,0,0,0,0
20170106,Hickey,Comedy,0,0,0,0
20170120,Bakery in Brooklyn,Comedy,0,0,0,771963
20170117,When Elephants Were Young,Documentary,0,0,0,0
20170124,Long Nights Short Mornings,Drama,0,0,0,0
20170106,Master,Action,0,0,584298,51007693
20170110,The Night is Young,Romantic Comedy,0,0,0,0
20170120,Rester Vertical,Comedy,0,0,11747,12286
20170117,Roger Corman’s Death Race 2050,,0,0,0,0
20170117,Faustrecht der Freiheit,,0,0,0,0
20170110,One Piece Film: Gold,Action,0,0,190859,17472599
20170127,Bei xi mo shou,Documentary,0,0,0,0
20170113,The Crash,Thriller/Suspense,0,0,0,0
20170127,Ang Babae Sa Septic Tank 2: #ForeverI…,Comedy,0,0,0,0
20170127,I Am Michael,Drama,0,0,0,3996
20170103,Wo Shi Shei,,0,0,0,0
20170117,Surf’s Up 2: Wavemania,Adventure,0,0,0,781285
20170124,Flight 313: The Conspiracy,,0,0,0,0
20170127,Der Wald vor lauter Bäumen,Drama,0,0,1410,1410
20170113,The Book of Love,Drama,0,0,0,0
20170124,2 Years of Love,Romantic Comedy,0,0,0,0
20170113,Saving Banksy,Documentary,0,0,47965,47965
20170106,"Bad, Bad Men",Comedy,0,0,0,0
20170110,Ostwind,,0,0,0,0
20170118,Strike a Pose,Documentary,0,0,0,102677
20170113,Sarvann,Thriller/Suspense,0,0,0,234055
20170120,A Plastic Ocean,Documentary,0,0,0,855
20170110,The Summoning,Thriller/Suspense,0,0,0,0
20170210,The Lego Batman Movie,Adventure,80000000,53003468,175750384,310940997
20170210,Fifty Shades Darker,Drama,55000000,46607250,114434010,381081967
20170224,Get Out,Horror,5000000,33377060,176040665,255090124
20170210,John Wick: Chapter Two,Action,40000000,30436123,92029184,171529184
20170217,The Great Wall,Action,150000000,18469620,45157105,334550106
20170203,Rings,Horror,25000000,13002632,27793018,82991460
20170217,Fist Fight,Comedy,25000000,12201873,32187017,40287017
20170217,A Cure for Wellness,Thriller/Suspense,0,4356941,8106986,24499901
20170203,The Space Between Us,Drama,0,3775596,7885294,11272555
20170224,Rock Dog,Adventure,60000000,3704749,9420546,20830546
20170224,Collide,Action,29200000,1512824,2280004,5278519
20170203,The Comedian,Comedy,0,1100000,1658706,1658706
20170217,Todos Queremos a Alguien,Romantic Comedy,0,924201,1915789,6491385
20170210,Jolly LLB 2,Black Comedy,0,774355,1654254,25461514
20170210,2017 Oscar Shorts,Multiple Genres,0,692399,2835355,2837748
20170203,I Am Not Your Negro,Documentary,0,686378,7123919,7664759
20170203,Xi You Fu Yao Pian,Action,0,463883,880346,248805149
20170224,Bitter Harvest,Drama,21000000,219357,557241,606162
20170210,Cheng feng po lang,Drama,0,160739,469706,151933650
20170210,A United Kingdom,Drama,0,66510,3902185,11010064
20170210,KEDi,Documentary,0,40103,2834262,4180491
20170203,Chapter & Verse,Drama,0,32713,84147,84147
20170224,Ma vie de Courgette,Adventure,0,28472,309768,558588
20170201,Mr. Gaga,Documentary,0,25354,173994,178607
20170203,Growing up Smith,Comedy,2000000,14867,35312,35312
20170210,Under sandet,Thriller/Suspense,0,13754,434640,3212389
20170201,Córki dancingu,Drama,0,7370,101657,102986
20170217,Keep Quiet,Documentary,0,6500,50454,50454
20170217,XX,Horror,0,6222,30911,41067
20170217,From Nowhere,Drama,0,5408,8109,8109
20170203,Grace of Jake,Drama,0,4784,23078,23078
20170203,Ve Si Sai Gon,Action,0,2252,11314,11314
20170217,Lovesong,Drama,0,2215,10545,10545
20170214,The Crooked Man,,0,0,0,0
20170214,Sisters of the Plague,,0,0,0,0
20170203,War on Everyone,Comedy,0,0,0,697935
20170214,Taken Heart,,0,0,0,0
20170221,Heaven Sent,,0,0,0,0
20170215,The King of New Orleans,,0,0,0,0
20170207,Killing Reagan,Drama,0,0,0,0
20170207,Barash,,0,0,0,0
20170203,Wheeler,Drama,0,0,0,0
20170228,The Creature Below,,0,0,0,0
20170216,Disney’s Newsies: The Broadway Musical,Musical,0,0,0,192651
20170217,My Name Is Emily,Drama,0,0,0,14993
20170228,A*P*E,Adventure,0,0,0,0
20170207,Beyond Redemption,Action,0,0,0,261
20170203,American Violence,Thriller/Suspense,0,0,0,0
20170228,Come Hell or High Water: The Battle f…,,0,0,0,0
20170207,Deadly Virtues: Love.Honor.Obey,,0,0,0,0
20170217,Irada,Drama,0,0,0,0
20170224,Memoria desmemoriada,Documentary,0,0,0,0
20170203,Confidential Assignment,Action,0,0,475618,56450663
20170207,Cross Wars,,0,0,0,0
20170210,Havenhurst,Horror,0,0,0,39807
20170224,Dying Laughing,Documentary,0,0,0,0
20170217,American Fable,Thriller/Suspense,0,0,0,0
20170203,A Good American,Documentary,0,0,0,2961
20170207,"Baby, Baby, Baby!",Comedy,0,0,0,730513
20170214,Air Bound,Adventure,0,0,0,0
20170221,Waffle Street,,0,0,0,0
20170214,You May Now Kill the Bride,,0,0,0,0
20170228,Kurîpî: Itsuwari no rinjin,Thriller/Suspense,0,0,0,3435
20170217,In Dubious Battle,Drama,15000000,0,0,214182
20170203,Eloise,Horror,0,0,0,316649
20170228,Sound of Redemption: The Frank Morgan…,Documentary,0,0,0,0
20170207,Sinbad and the War of the Furies,,0,0,0,0
20170210,Running Wild,Drama,0,0,0,472
20170228,The Business of Amateurs,Documentary,0,0,0,0
20170207,Jonathan,,0,0,0,0
20170203,Youth in Oregon,Drama,0,0,0,0
20170210,Stray Bullets,Thriller/Suspense,0,0,0,0
20170228,Framed,,0,0,0,0
20170217,Running Shaadi,Romantic Comedy,0,0,0,8695
20170210,The Adventure Club,Adventure,0,0,0,0
20170223,Is Genesis History?,Documentary,0,0,2570355,2570355
20170207,Dead West,,0,0,0,0
20170207,Like Cotton Twines,,0,0,0,0
20170221,The Great & The Small,Drama,0,0,0,0
20170224,Kiki,Documentary,0,0,0,0
20170224,As You Are,Drama,0,0,0,0
20170207,A Midsummer’s Hawaiian Dream,Concert/Performance,0,0,0,0
20170205,Oklahoma City,Documentary,0,0,0,0
20170210,I am Jane Doe,Documentary,0,0,0,0
20170214,It Ain’t Pretty,Documentary,0,0,0,0
20170210,Left on Purpose,Documentary,0,0,0,0
20170217,The Parrot Heads Documentary,Documentary,0,0,0,0
20170228,Lost Cat Corona,,0,0,0,0
20170221,Tie the Knot,,0,0,0,0
20170207,Elizabeth at 90: A Family Tribute,Documentary,0,0,0,0
20170207,Moontrap: Target Earth,,0,0,0,0
20170203,Dark Night,Drama,0,0,0,362
20170203,Don't Knock Twice,Horror,0,0,0,728499
20170228,Cut to the Chase,Action,0,0,0,0
20170228,Stuff,,0,0,0,0
20170207,Akron,Drama,0,0,0,0
20170224,Jojakdwen doshi,Adventure,0,0,0,18755496
20170224,Drifter,Thriller/Suspense,0,0,0,0
20170228,A New High,Documentary,0,0,0,0
20170221,Punching Henry,Comedy,0,0,0,0
20170317,Beauty and the Beast,Musical,160000000,174750616,504014165,1263109573
20170303,Logan,Action,127000000,88411916,226277068,615577068
20170310,Kong: Skull Island,Adventure,185000000,61025472,168052812,561137727
20170331,The Boss Baby,Adventure,125000000,50198902,175003033,492317334
20170324,Power Rangers,Action,120000000,40300288,85364450,142364450
20170331,Ghost in the Shell,Action,110000000,18676033,40563557,167918847
20170303,The Shack,Drama,0,16172119,57386418,96938619
20170324,Life,Thriller/Suspense,58000000,12501936,30234022,101003310
20170324,CHiPS,Action,25000000,7722802,18600152,23190697
20170303,Before I Fall,Drama,0,4690214,12241072,16170174
20170317,The Belko Experiment,Horror,5000000,4137230,10166820,10753399
20170331,The Zookeeper’s Wife,Drama,20000000,3288835,17445186,24522140
20170324,Slamma Jamma,Drama,0,1687000,1687000,1687000
20170303,Table 19,Comedy,5000000,1597928,3614896,4620399
20170310,Badrinath Ki Dulhania,Comedy,0,862008,1993259,23888579
20170324,Wilson,Comedy,0,336227,653951,710383
20170331,The Devotion of Suspect X,Thriller/Suspense,0,323207,686435,59250831
20170324,Phillauri,Black Comedy,0,260982,467596,3649641
20170317,T2: Trainspotting,Drama,18000000,170575,2402004,42074024
20170310,The Ottoman Lieutenant,Drama,0,149830,240978,397852
20170331,The Prison,Action,0,80376,207481,21522551
20170310,Personal Shopper,Thriller/Suspense,0,79175,1305195,2162046
20170303,Tim Timmerman: Hope of America,Comedy,0,50604,97787,97787
20170317,Song to Song,Drama,0,50559,443684,1041573
20170310,The Sense of an Ending,Drama,0,39691,1274420,4475783
20170303,The Last Word,Drama,0,37519,1779620,2441390
20170317,Umi yori mo mada fukaku,Drama,0,27880,272132,1388761
20170310,Raw,Horror,0,24825,514870,3104666
20170317,Haebing,Drama,0,21234,43144,8849149
20170315,Frantz,Drama,0,18745,880883,2766092
20170303,Ismach Hatani,Comedy,0,16620,1200885,1272801
20170331,Cézanne Et Moi,Drama,0,15744,257597,501955
20170324,I Called Him Morgan,Documentary,0,14154,97711,97711
20170331,Carrie Pilby,Comedy,0,13944,18957,26889
20170331,The Blackcoat’s Daughter,Horror,0,12402,20435,20435
20170310,My Scientology Movie,Documentary,0,11180,22936,2215428
20170331,David Lynch: The Art Life,Documentary,0,10823,171419,282042
20170331,La Mort de Louis XIV,Drama,0,8002,43635,90861
20170303,Donald Cried,Comedy,0,7977,61406,61406
20170317,Qing mei zhu ma,Drama,0,7333,12897,12897
20170303,Ugetsu monogatari,Drama,0,6154,11198,24941
20170303,The Freedom to Marry,Documentary,0,6142,6142,6142
20170322,"A Woman, A Part",Drama,0,5869,36838,36838
20170310,Window Horses,Adventure,0,5767,48105,48105
20170303,Junction 48,Multiple Genres,0,5516,12795,12795
20170310,The Jazz Funeral,Adventure,0,3792,7103,7103
20170303,Love & Taxes,Romantic Comedy,0,1698,33150,33150
20170310,Suntan,Romantic Comedy,0,1629,5954,10715
20170301,Contemporary Color,Concert/Performance,0,1451,15305,15305
20170310,Who’s Crazy,Drama,0,1355,3497,3497
20170303,Apprentice,Drama,0,676,2578,2578
20170324,The Levelling,Drama,0,160,3040,118421
20170303,Ben-Gurion: Epilogue,Documentary,0,0,0,0
20170314,Robo-Dog: Airborne,Adventure,0,0,0,0
20170317,Atomica,Thriller/Suspense,0,0,0,0
20170323,I am Battle Comic,Documentary,0,0,0,0
20170317,Burn Your Maps,Adventure,0,0,0,0
20170324,Dig Two Graves,Horror,0,0,0,0
20170314,Easter Mysteries,Musical,0,0,0,0
20170303,1898. Los últimos de Filipinas,Drama,0,0,2848,1995045
20170307,The Lesson,,0,0,0,0
20170317,The Dark Tapes,Horror,0,0,0,0
20170331,Fair Haven,Drama,0,0,0,0
20170303,Catfight,Comedy,0,0,0,2665
20170323,Métamorphoses,Drama,0,0,0,0
20170328,The Marine 5: Battleground,,0,0,0,0
20170314,Canoa,,0,0,0,0
20170324,"Já, Olga Hepnarová",Drama,0,0,0,222058
20170314,The Bitch,,0,0,0,0
20170307,Honeymoon from Hell,,0,0,0,0
20170317,You Can’t Have It,Thriller/Suspense,0,0,0,0
20170307,Departure,Drama,1100000,0,0,27561
20170331,God Knows Where I Am,Documentary,0,0,0,0
20170321,One of Us,,0,0,0,0
20170321,One Under the Sun,Thriller/Suspense,0,0,0,0
20170331,For Here or to Go,Comedy,0,0,0,0
20170310,Actor Martinez,Drama,0,0,0,0
20170328,Bodyslam: Revenge of the Banana!,Documentary,0,0,0,0
20170307,The Christmas Secret,,0,0,0,0
20170321,When Calls the Heart: The Heart of Faith,,0,0,0,0
20170317,American Anarchist,Documentary,0,0,0,0
20170331,Here Alone,Horror,0,0,0,0
20170303,The Settlers,Documentary,0,0,0,0
20170328,The Creeping Garden,Documentary,0,0,0,0
20170303,Wolves,Drama,0,0,0,0
20170321,Bloomin Mud Shuffle,Comedy,0,0,0,0
20170331,Pitching Tents,Comedy,0,0,0,0
20170303,Nakom,Drama,0,0,0,0
20170303,Bloodrunners,Action,0,0,0,0
20170315,Namour,Drama,0,0,0,0
20170307,Resistance,,0,0,0,0
20170324,Walk of Fame,Romantic Comedy,0,0,0,0
20170324,Car Dogs,Comedy,0,0,0,0
20170307,Frank vs. God,,0,0,0,0
20170307,The Wedding March,,0,0,0,0
20170317,All Nighter,Comedy,0,0,0,33483
20170324,House on Willow Street,Horror,0,0,0,0
20170317,Lo Chiamavano Jeeg Robot,Action,0,0,0,5711390
20170307,J.L. Family Ranch,,0,0,0,0
20170310,This Beautiful Fantastic,Romantic Comedy,0,0,0,278602
20170414,The Fate of the Furious,Action,250000000,98786705,225764765,1237466026
20170407,Smurfs: The Lost Village,Adventure,60000000,13210449,45020282,197268034
20170428,How to Be a Latin Lover,Comedy,0,12252439,32149404,57601006
20170407,Going in Style,Comedy,24000000,11932330,45018541,78714211
20170428,Baahubali 2: The Conclusion,Action,30000000,10430497,18985794,263585794
20170428,The Circle,Thriller/Suspense,18000000,9034148,20497844,40651864
20170421,Born in China,Documentary,0,4790367,13873211,23937131
20170421,Unforgettable,Thriller/Suspense,12000000,4785431,11368012,15668012
20170421,The Promise,Drama,90000000,4095718,8224288,10524093
20170407,The Case for Christ,Drama,0,3967885,14678714,17966760
20170421,Phoenix Forgotten,Thriller/Suspense,0,1816499,3600146,3600146
20170428,Sleight,Action,0,1701785,3930990,3934450
20170407,Kimi no na wa,Drama,0,1637510,5000181,342883372
20170421,Free Fire,Action,10000000,994430,1799322,3793739
20170407,Gifted,Drama,0,446380,24801212,31681993
20170428,Jìyì dàshi,Thriller/Suspense,20000000,224942,587470,43326383
20170414,Tommy’s Honour,Drama,0,209190,569306,752698
20170407,Colossal,Drama,0,120226,3194575,4470506
20170414,Spark: A Space Tail,Adventure,0,116873,196458,574776
20170414,The Lost City of Z,Action,0,110175,8574339,17122336
20170414,Norman: The Moderate Rise and Tragic …,Drama,0,99211,3814868,5725235
20170407,Their Finest,Romantic Comedy,0,76197,3603484,12276852
20170407,The Void,Horror,0,50026,151042,152500
20170428,Special Citizen,Drama,0,47128,96777,7232777
20170414,Maudie,Drama,0,45920,6170998,9728506
20170414,A Quiet Passion,Drama,0,45825,1865396,3280158
20170421,Citizen Jane: Battle for the City,Documentary,0,31451,313411,346224
20170421,Jeremiah Tower: The Last Magnificent,Documentary,0,20268,228153,228153
20170407,Truman,Comedy,0,18258,210840,7956176
20170414,Chasing Trane: The John Coltrane Docu…,Documentary,0,16626,406284,406284
20170426,Obit,Documentary,0,16185,312777,312777
20170414,My Entire High School Sinking Into th…,Adventure,0,13684,68883,68883
20170407,Alive and Kicking,Documentary,0,12201,68485,68485
20170407,Bacalaureat,Drama,0,10305,175975,807431
20170414,Black Code,Documentary,0,8790,18846,18846
20170428,Natasha,Drama,0,8325,8325,8325
20170414,Demain,Documentary,0,7377,43471,169068
20170428,Buster’s Mal Heart,Thriller/Suspense,0,7137,73121,73121
20170428,Shavua ve Yom,Drama,0,6833,41614,41614
20170421,Ma Loute,Comedy,0,6696,112481,465552
20170407,Shot! The Psycho-Spiritual Mantra of …,Documentary,0,6694,15157,18288
20170407,The Transfiguration,Drama,0,4605,21926,28450
20170407,Wszystkie Nieprzespane Noce,Documentary,0,4544,20762,20762
20170426,Bang! The Bert Berns Story,Documentary,0,3923,59300,59300
20170412,Slava,Drama,0,3716,19608,67856
20170407,A Kind of Loving,Drama,0,3278,3278,3278
20170414,Réparer les vivants,Drama,0,3176,3176,18554
20170414,Finding Oscar,Documentary,0,2365,23116,23116
20170421,7 Witches,Horror,0,1875,31100,31100
20170414,Pasqualino Settebellezze,Drama,0,1536,11962,11962
20170421,The Penguin Counters,Documentary,0,976,976,976
20170404,Ride the High Country,,0,0,0,0
20170404,Diamond Cartel,,0,0,0,0
20170418,A Cowgirl’s Story,,0,0,0,0
20170407,Aftermath,Thriller/Suspense,0,0,0,261465
20170404,Cooking at the World’s End,,0,0,0,0
20170411,Ludwig,,0,0,0,0
20170428,Grey Lady,Thriller/Suspense,0,0,0,0
20170411,Robot Wars,,0,0,0,0
20170411,Maiko: Dancing Child,Documentary,0,0,0,0
20170414,Little Boxes,Drama,0,0,0,0
20170418,Before the Flood,Documentary,0,0,0,0
20170414,Queen of the Desert,Drama,36000000,0,0,1480089
20170428,Voice From the Stone,Thriller/Suspense,0,0,0,40327
20170418,The Babushkas of Chernobyl,Documentary,0,0,0,0
20170425,After the Reality,Comedy,0,0,0,0
20170428,Black Rose,Action,0,0,0,0
20170411,Silver Skies,Comedy,0,0,0,0
20170414,The Outcasts,Comedy,0,0,0,24197
20170404,We Don’t Belong Here,Drama,0,0,0,0
20170407,Non Essere Cattivo,Thriller/Suspense,0,0,0,0
20170425,Papa’s Delicate Condition,,0,0,0,0
20170428,Displacement,Thriller/Suspense,0,0,0,0
20170404,BWOY,,0,0,0,0
20170407,Speech & Debate,Comedy,0,0,0,0
20170428,LoveTrue,Documentary,0,0,0,0
20170411,"Dear Diary, I Died",,0,0,0,0
20170421,Breakdance Academy,Comedy,0,0,0,0
20170404,Lucky’s Treasure,,0,0,0,0
20170404,Extraordinary: The Stan Romanek Story,,0,0,0,0
20170414,Maurizio Cattelan: Be Right Back,Documentary,0,0,0,0
20170411,Mad Families,,0,0,0,0
20170404,Teen Titans: The Judas Contract,Action,0,0,0,0
20170404,Naruto Shippuden: The Movie,,0,0,0,7947209
20170411,Chupacabra Territory,,0,0,0,0
20170420,Grow House,Comedy,0,0,0,0
20170407,1 Mile to You,Drama,0,0,0,0
20170414,Sandy Wexler,Comedy,0,0,0,0
20170407,The Ticket,Drama,0,0,0,0
20170418,Arctic Adventure: On Frozen Pond,,0,0,0,0
20170407,Salt And Fire,Thriller/Suspense,0,0,0,0
20170428,Harold and Lillian: A Hollywood Love …,Documentary,0,0,0,0
20170415,1040 Not so EZ,Drama,0,0,0,0
20170428,Rupture,Horror,0,0,0,997
20170428,Nise: O Coração da Loucura,Drama,0,0,0,0
20170411,The Sweet Life,Drama,0,0,0,6308
20170407,Bethany,Horror,0,0,0,14236
20170425,Caltiki il mostro immortale,,0,0,0,0
20170428,Danger Close,Documentary,0,0,0,0
20170425,Those Left Behind,,0,0,0,0
20170505,Guardians of the Galaxy Vol 2,Action,200000000,146510104,389813101,863197744
20170526,Pirates of the Caribbean: Dead Men Te…,Adventure,230000000,62983253,172558876,794758876
20170519,Alien: Covenant,Horror,97000000,36160621,74262031,238862031
20170512,Snatched,Comedy,42000000,19542248,45852178,57852177
20170525,Baywatch,Comedy,60000000,18503871,58060186,176533570
20170512,King Arthur: Legend of the Sword,Adventure,175000000,15371270,39175066,140012608
20170519,"Everything, Everything",Drama,10000000,11727390,34121140,45858330
20170519,Diary of a Wimpy Kid: The Long Haul,Adventure,22000000,7126084,20738724,35355942
20170512,Lowriders,Drama,0,2403885,6179955,6188421
20170512,The Wall,Thriller/Suspense,0,897955,1803064,2428959
20170505,The Dinner,Drama,0,653944,1323312,2474524
20170505,This Is Not What I Expected,Comedy,0,135252,337670,29957670
20170512,Paris Can Wait,Romantic Comedy,0,98850,5608745,8927441
20170505,Risk,Documentary,0,76327,200219,219599
20170505,The Lovers,Romantic Comedy,0,66286,2194521,2216374
20170526,Buena Vista Social Club—Adios,Documentary,0,64469,123445,157187
20170526,Long Strange Trip: The Untold Story o…,Documentary,0,43478,351957,351957
20170505,Chuck,Action,0,34565,322005,369123
20170512,Laavor et hakir,Action,0,31658,1412404,1522676
20170505,Stalker,Drama,0,20540,268101,285044
20170523,Restless Creature: Wendy Whelan,Documentary,0,19879,147780,147780
20170505,Three Generations,Drama,0,18131,155936,421372
20170526,Hermia & Helena,Comedy,0,16759,43132,43132
20170519,Abacus: Small Enough to Jail,Documentary,0,12528,113279,113279
20170512,Stefan Zweig: Farewell to Europe,Drama,0,11729,78373,636475
20170505,Une Vie,Drama,0,11483,37626,200663
20170519,Wakefield,Drama,0,11299,262599,747047
20170510,Manifesto,Drama,0,9628,161101,344353
20170519,Kollektivet,Drama,0,9249,38737,644008
20170512,Dead Awake,Horror,0,8834,11528,24137
20170512,The Last Shaman,Documentary,0,6799,17744,17744
20170519,Powidoki,Drama,0,5832,33443,53240
20170505,La Pazza Gioia,Comedy,0,5799,107362,7857426
20170519,Icaros: A Vision,Drama,0,5510,5510,5510
20170505,Burden,Documentary,0,3231,18440,20434
20170503,Mr. Chibbs,Documentary,0,3163,8303,8303
20170502,Take Me,Comedy,0,2583,2583,2583
20170519,Ang Babaeng Humayo,Drama,0,2018,3906,3906
20170519,Pi Sheng Shang de Hun,Drama,0,1355,3669,3669
20170531,Julian Schnabel: A Private Portrait,Documentary,0,394,8679,8679
20170526,Black Butterfly,Thriller/Suspense,0,0,0,345093
20170509,On a failli être amies,,0,0,0,0
20170509,"Love, Again",,0,0,0,13841
20170510,The Drowning,Thriller/Suspense,0,0,0,0
20170505,Berlin Syndrome,Thriller/Suspense,0,0,28660,397788
20170502,Kidnap Capital,,0,0,0,0
20170519,Elián,Documentary,0,0,0,0
20170519,Paint it Black,Drama,0,0,0,0
20170505,Another Evil,Comedy,0,0,0,0
20170512,Absolutely Anything,Comedy,0,0,0,7200039
20170505,Tomorrow Ever After,Comedy,0,0,0,0
20170516,Killswitch,Documentary,0,0,0,0
20170505,Chai dàn zhuanjia,Action,23000000,0,0,58807172
20170505,Lady Bloodfight,Action,0,0,0,0
20170516,Ohayo,,0,0,0,0
20170530,Golden Years,Comedy,0,0,0,302664
20170502,Occupants,Horror,0,0,0,0
20170523,Vixen: The Movie,,0,0,0,0
20170523,In Our Hands: The Battle for Jerusalem,Documentary,0,0,0,0
20170509,DC Super Hero Girls: Intergalactic Games,Adventure,0,0,0,0
20170530,A Wound in Time,Thriller/Suspense,0,0,0,0
20170531,The Rush Chairman,Comedy,0,0,0,0
20170505,Sacred,Documentary,0,0,0,0
20170502,Unleashing Mr. Darcy,,0,0,0,0
20170526,The Helsings,Drama,0,0,478,478
20170502,Ozzy,Adventure,0,0,0,7466050
20170509,VHS Massacre: Cult Films and the Decl…,Documentary,0,0,0,0
20170509,Streets of Hope,,0,0,0,0
20170509,Millie & the Lords,,0,0,0,0
20170523,I am Heath Ledger,Documentary,0,0,0,495980
20170512,Meri Pyaari Bindu,Comedy,0,0,0,12498298
20170516,A Mermaid’s Tale,Adventure,0,0,0,0
20170516,The Gospel of Mark,Drama,0,0,0,0
20170512,Urban Hymn,Drama,0,0,0,1118
20170512,Generation Iron 2,Documentary,0,0,0,0
20170526,Spirit Game: Pride of a Nation,Documentary,0,0,0,0
20170516,American Wrestler: The Wizard,Drama,0,0,0,0
20170526,Cruel and Unusual,Documentary,0,0,0,0
20170512,Folk Hero & Funny Guy,Comedy,0,0,0,0
20170502,The Shadow Effect,Action,0,0,0,30184
20170523,Unwanted Guest,,0,0,0,0
20170530,Angst,Documentary,0,0,0,0
20170503,Last Men in Aleppo,Documentary,0,0,0,0
20170530,Pleins feux sur l’assassin,,0,0,0,0
20170502,"Fear, Inc.",,0,0,0,0
20170509,The Indian Fighter,Western,0,0,0,0
20170502,MindGamers,Thriller/Suspense,0,0,0,0
20170523,Family Mission: The T.J. Lobraico Story,Documentary,0,0,0,0
20170509,Alena,Horror,0,0,0,0
20170509,Perfect Match,,0,0,0,0
20170502,Sweet Home Carolina,,0,0,0,0
20170512,Whisky Galore,Romantic Comedy,0,0,21551,659871
20170509,"Indio Black, sai che ti dico: Sei un …",Western,0,0,0,0
20170516,Extortion,Action,0,0,0,8602
20170519,Legion of Brothers,Drama,0,0,0,0
20170519,Radio Dreams,Comedy,0,0,27836,27836
20170519,The Survivalist,Thriller/Suspense,0,0,0,33973
20170502,Seven Days in May,,0,0,0,0
20170512,Violet,Action,0,0,0,0
20170519,Champion,Drama,0,0,175232,179034
20170602,Wonder Woman,Action,150000000,103251471,412563408,817012815
20170630,Despicable Me 3,Adventure,75000000,72434025,264624300,1034542646
20170616,Cars 3,Adventure,0,53688680,152901115,383601115
20170621,Transformers: The Last Knight,Action,217000000,44680073,130168683,603968683
20170609,The Mummy,Adventure,195000000,31668375,80101125,410333326
20170616,All Eyez on Me,Drama,45000000,26435354,44922302,54876855
20170602,Captain Underpants: The First Epic Movie,Adventure,38000000,23851539,73921000,123261024
20170628,Baby Driver,Thriller/Suspense,34000000,20553320,107825862,228104185
20170616,47 Meters Down,Horror,0,11205562,44307193,61697193
20170630,The House,Comedy,40000000,8724795,25584504,31192743
20170616,Rough Night,Black Comedy,20000000,8004283,22177334,46916048
20170609,It Comes at Night,Horror,5000000,5988370,13985117,17387100
20170609,Megan Leavey,Drama,0,3810867,13406304,13481502
20170616,The Book of Henry,Drama,0,1424540,4288104,4379905
20170609,My Cousin Rachel,Drama,0,969941,2716368,8499804
20170623,Tubelight,Adventure,0,930058,930058,20560924
20170602,3 Idiotas,Comedy,0,609249,1249233,7684685
20170623,The Big Sick,Romantic Comedy,5000000,421577,42872467,53005448
20170602,Churchill,Drama,0,408891,1279681,6402580
20170623,The Beguiled,Western,0,229292,10576669,28039038
20170609,Beatriz at Dinner,Drama,0,141959,7115854,7249437
20170623,The Bad Batch,Horror,0,89111,180851,182226
20170602,Dean,Comedy,0,60366,254536,254536
20170630,The Little Hours,Black Comedy,0,56676,1647175,1647175
20170630,Ni Shi Ying Jiu,Action,0,54276,108970,29618970
20170609,The Hero,Drama,0,45317,4077333,4112369
20170602,"Love, Kennedy",Drama,0,45285,407871,407871
20170616,Daeripgun,Drama,0,41959,84532,5664511
20170616,The Journey,Drama,0,32895,164994,471123
20170602,Band Aid,Comedy,0,29013,248370,248370
20170602,God of War,Action,0,23912,53496,9293496
20170616,"Hare Krishna! The Mantra, The Movemen…",Documentary,0,22310,133006,138316
20170602,The Exception,Drama,0,21351,708972,719523
20170602,Letters from Baghdad,Documentary,0,19725,336223,479651
20170630,Maria Sklodowska Curie,Drama,0,18600,127993,478610
20170602,Past Life,Thriller/Suspense,0,14960,180099,205212
20170630,The B-Side,Documentary,0,12035,125227,125227
20170630,Elser,Drama,0,11750,155897,436518
20170623,Voyage à Travers le Cinéma Français,Documentary,0,10636,52058,71018
20170616,Jasmine,Horror,0,8358,24284,24284
20170616,Il Boom,Comedy,0,8164,57308,57308
20170614,Moka,Drama,0,7660,129547,129547
20170628,Le Trou,Thriller/Suspense,0,6756,30973,30973
20170602,The Recall,Horror,0,6570,22233,22233
20170623,O Ornitólogo,Drama,0,6132,50511,87719
20170609,Mei Hao De Yi Wai,Drama,0,5942,51766,2436776
20170609,Dawson City: Frozen Time,Documentary,0,5713,132369,132369
20170623,A Beginner’s Guide to Snuff,Black Comedy,0,5204,21031,21031
20170623,In Pursuit of Silence,Documentary,0,5141,29050,41056
20170616,Paris pieds nus,Drama,0,4510,691597,908827
20170628,Pop Aye,Drama,0,3598,77895,135400
20170616,Fuchi ni tatsu,Drama,0,3453,17191,23217
20170609,I Love You Both,Comedy,0,3236,4661,4661
20170623,Food Evolution,Documentary,0,2851,17181,17181
20170609,Miles,Adventure,0,2147,2537,2537
20170616,Scum,Thriller/Suspense,0,1948,5405,5405
20170609,Night School,Documentary,0,1588,4663,4663
20170630,The Skyjacker’s Tale,Documentary,0,1097,3009,3009
20170630,2:22,Thriller/Suspense,0,294,422,3684888
20170602,"I, Daniel Blake",Drama,0,0,260354,9191320
20170606,CarGo,,0,0,0,0
20170623,F(l)ag Football,Documentary,0,0,0,0
20170606,The Axe Murders of Villisca,Horror,0,0,0,0
20170623,Nowhere to Hide,Documentary,0,0,0,0
20170630,Mali Blues,Documentary,0,0,0,0
20170627,Tom and Jerry: Willy Wonka and the Ch…,,0,0,0,0
20170609,Middle Man,Comedy,0,0,0,0
20170616,Kill Switch,Action,0,0,0,23316
20170616,From Hollywood to Rose,Comedy,0,0,0,0
20170613,Bring Me the Head of Alfredo Garcia,,0,0,0,0
20170609,Random Tropical Paradise,Comedy,0,0,0,0
20170602,Dark Signal,Horror,0,0,0,0
20170613,Dragonheart: Battle for the Heartfire,Adventure,0,0,0,0
20170608,Chris Brown: Welcome to my Life,Documentary,0,0,0,0
20170609,Bara no sôretsu,Drama,0,0,0,0
20170629,Okja,Adventure,0,0,0,2149732
20170620,Blood Road,,0,0,0,0
20170613,Yu-Gi-Oh!: The Dark Side of Dimensions,Adventure,0,0,0,762726
20170620,Wichita,,0,0,0,0
20170629,Hired Gun,Documentary,0,0,0,0
20170609,11:55,Drama,0,0,0,0
20170601,Be Afraid,Horror,0,0,0,0
20170613,Alone in Berlin,Drama,0,0,0,1155266
20170627,Life of Significant Soil,,0,0,0,0
20170606,On-Drakon,Adventure,0,0,0,8600000
20170627,The Apple,,0,0,0,0
20170609,La Granja,Drama,0,0,0,0
20170606,The Hunter’s Prayer,Action,0,0,0,45965
20170620,Audubon,Documentary,0,0,0,0
20170609,Raising Bertie,Documentary,0,0,0,0
20170606,Child of Satan,Horror,0,0,0,0
20170627,Ex-Patriot,,0,0,0,0
20170619,Moscow Never Sleeps,Drama,0,0,0,6949
20170623,All the Rage (Saved by Sarno),Documentary,0,0,18489,18489
20170623,Ripped,Comedy,0,0,0,0
20170627,D-Day Survivor,,0,0,0,0
20170602,The Incomparable Rose Hartman,Documentary,0,0,0,0
20170613,Misdirection: The Real Magic,,0,0,0,0
20170630,Darkness Rising,Horror,0,0,0,0
20170613,El Americano: The Movie,Adventure,0,0,0,336874
20170707,Spider-Man: Homecoming,Action,175000000,117027503,334201140,880206511
20170714,War for the Planet of the Apes,Action,152000000,56262929,146880162,490280162
20170721,Dunkirk,Action,150000000,50513488,188373161,499518504
20170721,Girls Trip,Comedy,28000000,31201920,115108515,140798808
20170728,The Emoji Movie,Adventure,50000000,24531923,86089513,216807482
20170728,Atomic Blonde,Thriller/Suspense,30000000,18286420,51573925,98368372
20170721,Valerian and the City of a Thousand P…,Adventure,180000000,17007624,40479370,215116144
20170714,Wish Upon,Horror,12000000,5467084,14301505,23477345
20170714,Jagga Jasoos,Adventure,0,490232,861740,9055672
20170728,Detroit,Drama,0,350190,16790139,21545532
20170728,Mubarakan,Romantic Comedy,0,310170,758868,12867137
20170728,Wolf Warrior 2,Action,0,219022,2721100,861434171
20170728,An Inconvenient Sequel,Documentary,1000000,124823,3496795,4062957
20170707,A Ghost Story,Drama,0,104030,1594798,1939199
20170721,Munna Michael,Action,0,64949,64949,5002289
20170714,Lady Macbeth,Drama,0,64537,1129408,4178262
20170728,Menashe,Drama,0,62078,1702996,1826452
20170721,Landline,Comedy,0,52555,940854,940854
20170707,Míng Yuè Ji Shí You,Drama,0,50619,111584,8759453
20170728,Brigsby Bear,Comedy,0,39652,515765,665183
20170721,Sage Femme,Thriller/Suspense,0,21341,603582,2185918
20170707,City of Ghosts,Documentary,0,13601,128015,200431
20170728,Person to Person,Drama,0,11852,48499,48499
20170707,The Last Dalai Lama?,Documentary,0,9786,145513,145513
20170726,Rumble: The Indians who Rocked the World,Documentary,0,8914,225177,225177
20170714,Les fausses confidences,Drama,0,7361,29245,51341
20170714,Sur quel pied danser,Musical,0,5900,6660,6660
20170721,Miekkailija,Drama,0,5572,95951,625815
20170714,The Wrong Light,Documentary,0,5429,7553,7553
20170714,L’important c’est d’aimer,Drama,0,5370,16976,16976
20170712,I am the Blues,Documentary,0,5105,37849,37849
20170728,Mal de Pierres,Drama,0,4473,48677,511892
20170707,Swim Team,Documentary,0,4024,4024,4024
20170711,Simple Creature,Thriller/Suspense,0,3547,23918,23918
20170714,Birthright: A War Story,Documentary,0,3006,7519,7519
20170721,La jeune fille sans mains,Adventure,0,2916,21787,21787
20170721,La Region Salvaje,Drama,0,2718,25899,57773
20170721,The Pulitzer at 100,Documentary,0,2577,4489,4489
20170721,The Fuzz,Thriller/Suspense,0,2236,6176,6176
20170714,Man Underground,Drama,0,2194,20907,20907
20170721,Amnesia,Drama,0,1202,8700,8700
20170728,Le Gai Savoir,Drama,0,1149,1149,1149
20170728,Sueño en otro idioma,Drama,0,810,2739,2739
20170719,Santoalla,Documentary,0,489,2684,2684
20170726,Escapes,Documentary,0,0,0,0
20170711,The Hunting Party,,0,0,0,0
20170711,Gunned Down,Action,0,0,0,0
20170728,Romeo is Bleeding,Documentary,0,0,0,0
20170728,A Family Man,Drama,0,0,0,2374855
20170711,Star Slammer,,0,0,0,0
20170725,Scalia: Portrait of a Man and Jurist,Documentary,0,0,0,0
20170718,Murder She Baked: A Deadly Recipe,Drama,0,0,0,0
20170704,Doberuman deka,Action,0,0,0,0
20170728,Strange Weather,Drama,0,0,0,0
20170705,Liar’s Dice,Adventure,0,0,0,0
20170718,Kansas vs. Darwin,Documentary,0,0,0,0
20170714,Swallows and Amazons,Adventure,0,0,0,3895661
20170718,La Seduzione,Drama,0,0,0,0
20170704,King Arthur: Excaliber Rising,Action,0,0,0,0
20170728,30 Years of Garbage: The Garbage Pail…,Drama,0,0,27739,27739
20170704,One Drop,,0,0,0,0
20170714,Belief: The Possession of Janet Moses,Documentary,0,0,0,0
20170714,Poesia Sin Fin,Drama,0,0,0,72361
20170721,The Black Prince,Drama,0,0,0,639198
20170725,Alim adumim,Drama,0,0,0,0
20170704,Summer of Dreams,,0,0,0,0
20170718,Resident Evil: Vendetta,Action,0,0,0,191408
20170711,Last Day of School,Comedy,0,0,0,0
20170711,Game Changers,Drama,0,0,0,0
20170712,500 Years,Documentary,0,0,0,0
20170711,The Horse Dancer,,0,0,0,0
20170718,Insatiable: The Homaro Cantu Story,Documentary,0,0,0,0
20170704,A Stork's Journey,Adventure,0,0,0,7982629
20170711,Star Crystal,Horror,0,0,0,0
20170728,The Last Face,Drama,0,0,0,310496
20170711,The Wizard of Lies,,0,0,0,0
20170721,The Gracefield Incident,Horror,0,0,0,55224
20170718,"Signed, Sealed, Delivered: From the H…",,0,0,0,0
20170711,Sex Doll,Thriller/Suspense,0,0,0,0
20170718,Camp Cool Kids,Adventure,0,0,0,0
20170707,Le Confessioni,Thriller/Suspense,0,0,0,1776335
20170705,Viva Amiga,Documentary,0,0,0,0
20170704,Taking Earth,,0,0,0,0
20170718,Ukraine on Fire,Documentary,0,0,0,0
20170718,Feed,Drama,0,0,0,0
20170718,A Woman Deceived,Thriller/Suspense,0,0,0,0
20170721,First Kill,Action,0,0,0,73707
20170704,American Cowboys vs. Aliens,Action,0,0,0,0
20170704,The Brass Bottle,,0,0,0,0
20170721,Awaken the Shadowman,Horror,0,0,0,0
20170714,Almost Sunrise,Documentary,0,0,0,0
20170714,Battle Scars,Drama,0,0,0,0
20170721,Killing Ground,Thriller/Suspense,0,0,0,44186
20170711,Facing Darkness,Documentary,0,0,0,0
20170728,The Conway Curve,Comedy,0,0,0,0
20170704,Ancient Aliens and the New World Order 2,Documentary,0,0,0,0
20170711,Savannah Sunrise,,0,0,0,0
20170721,Kuso,Horror,0,0,0,0
20170711,Murder She Baked: A Peach Cobbler Mys…,Drama,0,0,0,0
20170718,Walk with me,Documentary,0,0,0,837421
20170811,Annabelle: Creation,Horror,15000000,35006404,102092201,305492201
20170818,The Hitman’s Bodyguard,Action,30000000,21384504,75468583,172779292
20170804,The Dark Tower,Western,60000000,19153698,50701325,113018076
20170804,Kidnap,Thriller/Suspense,0,10016323,30718107,32719421
20170811,The Nut Job 2: Nutty by Nature,Adventure,40000000,8342311,28370522,58010968
20170818,Logan Lucky,Comedy,29000000,7600036,27778642,39212299
20170825,Ballerina,Adventure,30000000,4730038,21858070,96923070
20170811,The Glass Castle,Drama,0,4678548,17273059,17816662
20170825,Birth of the Dragon,Action,0,2702430,6901965,6970811
20170826,Mayweather vs. McGregor,Concert/Performance,0,2620183,2620183,3250019
20170825,All Saints,Drama,2000000,1514278,5802208,5941994
20170804,Jab Harry Met Sejal,Romantic Comedy,0,1284740,1284740,11176544
20170811,Toilet: Ek Prem Katha,Comedy,0,709420,709420,20364534
20170811,Taeksi Woonjunsa,Drama,0,331854,1527829,90219557
20170811,Once Upon a Time,Drama,0,249933,485728,79650140
20170825,"Gentleman: Sundar, Susheel, Risky",Action,0,191530,410055,3178269
20170814,Gekijôban Fairy Tail: Dragon Cry,Action,0,169203,519461,838032
20170804,Wind River,Thriller/Suspense,0,161558,33800859,40352966
20170804,Step,Documentary,0,146488,1146292,1152837
20170811,Ingrid Goes West,Black Comedy,0,135301,3021133,3173098
20170811,Good Time,Drama,0,125101,2026498,3225459
20170818,The Adventurers,Thriller/Suspense,0,68614,216556,35955240
20170818,Patti Cake$,Comedy,1000000,67599,800148,1471090
20170811,The Only Living Boy in New York,Drama,0,54458,624332,1276175
20170825,Beach Rats,Drama,0,46451,471286,484134
20170811,Whose Streets?,Documentary,0,43804,182799,182799
20170811,The Trip to Spain,Comedy,0,40875,1157604,1866851
20170804,"We Love You, Sally Carmichael",Romantic Comedy,0,30951,113435,113435
20170818,Crown Heights,Drama,0,30173,238553,238553
20170818,Gook,Drama,0,27044,250130,250130
20170804,Columbus,Drama,0,26820,1017107,1017487
20170818,Marjorie Prime,Multiple Genres,0,20668,180608,224845
20170830,Ucitelka,Drama,0,15091,64437,1905953
20170804,Brave New Jersey,Comedy,0,14105,14105,14105
20170825,Polina danser sa vie,Drama,4000000,12588,165203,212723
20170811,The Nile Hilton Incident,Thriller/Suspense,0,9183,80953,152724
20170811,The Farthest,Documentary,0,6900,14733,36123
20170818,Sidemen: Long Road to Glory,Documentary,0,6120,31399,31399
20170818,Lemon,Comedy,0,5957,29258,29258
20170825,Jiao Zhu Chuan,Action,0,5122,13588,16392484
20170818,California Typewriter,Documentary,0,5031,200379,200379
20170825,Aknyeo,Action,0,4238,27741,8818918
20170804,Jours de France,Drama,0,3728,11373,11373
20170816,Inxeba,Drama,0,2920,29963,43256
20170809,Machines,Documentary,0,2838,9710,9710
20170825,Served Like a Girl,Documentary,0,1844,8290,8290
20170829,Paradise Club,Drama,0,1758,21923,21923
20170804,It’s Not Yet Dark,Documentary,0,811,1227,5275
20170809,L'Économie du Couple,Drama,0,810,13621,402776
20170825,Eshtebak,Drama,0,334,18215,56955
20170825,Red Christmas,Horror,0,280,2250,2250
20170804,The Ghoul,Thriller/Suspense,0,249,2032,18447
20170801,Roaring Abyss,Documentary,0,0,0,0
20170811,Kono sekai no katasumi ni,Drama,0,0,0,105106
20170804,Some Freaks,Comedy,0,0,0,0
20170811,The Veil,Adventure,0,0,0,0
20170801,Disconnected,Drama,0,0,0,0
20170815,Meantime,,0,0,0,0
20170822,Showing Roots,Comedy,0,0,0,0
20170815,Monkey Business: The Adventures of Cu…,Documentary,0,0,0,0
20170815,Blind,Drama,0,0,0,0
20170822,The Man in the Silo,,0,0,0,0
20170822,The Adventures of Hercules II,,0,0,0,0
20170829,The Evil in Us,,0,0,0,0
20170815,Day of Days,Drama,0,0,0,0
20170829,Vicious Lips,,0,0,0,0
20170829,Killing Hasselhoff,Comedy,0,0,0,0
20170831,The King’s Highway,Documentary,0,0,0,0
20170822,Thomas & Friends: Journey Beyond Sodor,Musical,0,0,0,316291
20170818,6 Days,Action,0,0,0,80887
20170829,Pup Star: Better 2Gether,Adventure,0,0,0,0
20170811,Pilgrimage,Thriller/Suspense,0,0,0,0
20170808,A Life in Waves,Documentary,0,0,0,0
20170808,Girl on the Edge,Drama,0,0,0,0
20170801,The UnMiracle,Drama,0,0,0,0
20170829,Autumn Dreams,Comedy,0,0,0,0
20170825,La larga noche de Francisco Sanctis,Drama,0,0,0,0
20170804,68 Kill,Thriller/Suspense,0,0,0,0
20170804,Armed Response,Thriller/Suspense,0,0,0,0
20170801,Boyka: Undisputed IV,Action,0,0,0,0
20170815,Rogue Warrior: Robot Fighter,,0,0,0,0
20170815,The Watchmaker’s Apprentice,Documentary,0,0,0,0
20170815,Treasure Hounds,Adventure,0,0,0,0
20170829,La Reina de España,Drama,0,0,0,1198038
20170804,Gunhamdo,Drama,0,0,1104957,45872441
20170822,Never Let Go,,0,0,0,0
20170818,Dave Made a Maze,Adventure,0,0,0,0
20170804,Fun Mom Dinner,Comedy,0,0,0,24877
20170822,Girl on Wave,Documentary,0,0,0,0
20170822,La Poison,Comedy,0,0,0,0
20170815,Descendants 2,Adventure,0,0,0,0
20170815,Free and Easy,Comedy,0,0,0,0
20170815,Fate,Thriller/Suspense,0,0,0,0
20170818,Shot Caller,Thriller/Suspense,0,0,0,2812238
20170815,Broken Mile,Thriller/Suspense,0,0,0,0
20170818,The Ice Cream Truck,Black Comedy,0,0,0,0
20170808,Sea Gypsies: Far Side of the World,Documentary,0,0,0,0
20170829,Shockwave: Countdown to Disaster,,0,0,0,0
20170815,Baby Steps,Comedy,0,0,0,0
20170815,Batman and Harley Quinn,Action,0,0,0,39091
20170908,It,Horror,35000000,123403419,327481748,697459228
20170922,Kingsman: The Golden Circle,Action,104000000,39023010,100234838,408834838
20170922,The Lego Ninjago Movie,Adventure,70000000,20433071,59281555,122780244
20170929,American Made,Thriller/Suspense,50000000,16776390,51342000,135581390
20170915,American Assassin,Thriller/Suspense,0,14846778,36249674,58659727
20170908,Home Again,Romantic Comedy,15000000,8567881,27020284,37337061
20170915,mother!,Thriller/Suspense,0,7534673,17800004,42558972
20170929,Flatliners,Thriller/Suspense,20000000,6574326,16883115,45075341
20170922,Friend Request,Thriller/Suspense,0,2002863,3759078,9720949
20170922,Stronger,Drama,0,1611040,4211129,5003992
20170929,Til Death Do Us Part,Thriller/Suspense,0,1527289,3424454,3424454
20170901,Hazlo Como Hombre,Comedy,0,1174484,2534252,13518483
20170901,Tulip Fever,Drama,25000000,1158017,2455635,3882453
20170929,A Question of Faith,Drama,0,1025489,2587072,2587072
20170929,Judwaa 2,Action,0,638045,1431255,26797432
20170922,Battle of the Sexes,Drama,0,518332,12638526,17826663
20170901,Shubh Mangal Saavdhan,Romantic Comedy,0,259999,511875,6587047
20170901,I Do…Until I Don’t,Comedy,0,234259,276608,276608
20170908,11-Sep,Drama,0,168500,172000,192318
20170922,Victoria and Abdul,Drama,0,158845,22245070,66298731
20170929,Chasing the Dragon,Action,0,138346,456854,86855981
20170901,Valley of Bones,Western,0,134076,166552,166552
20170915,Brad’s Status,Comedy,0,89921,2133158,2701851
20170929,Pearl Jam: Let’s Play Two,Concert/Performance,0,53177,348832,561578
20170915,Because of Grácia,Drama,0,52171,90388,90388
20170908,Poster Boys,Comedy,0,51264,97049,2602256
20170901,Viceroy’s House,Drama,0,48134,1105717,10783421
20170929,Lucky,Drama,0,43293,955925,1074093
20170922,The Tiger Hunter,Comedy,0,39553,62398,62398
20170908,Rebel in the Rye,Drama,0,37967,378294,674516
20170929,Mark Felt: The Man Who Brought Down t…,Thriller/Suspense,0,34217,768646,980227
20170927,Te Ata,Drama,0,28640,73236,73236
20170908,Memoir of a Murderer,Thriller/Suspense,0,27665,91335,19282535
20170922,Loving Vincent,Drama,0,23180,6647957,28409618
20170908,Twenty-Two,Documentary,0,22222,22222,25717480
20170929,Super Dark Times,Thriller/Suspense,0,19328,33109,33109
20170915,The Force,Documentary,0,18849,58154,58154
20170901,Dolores,Documentary,0,13534,555309,555309
20170908,La Fille Inconnue,Drama,0,13477,150579,955089
20170929,Take Every Wave: The Life of Laird Ha…,Documentary,0,12636,176160,179760
20170922,Woodshock,Drama,0,12247,42469,43550
20170913,Ex Libris: The New York Public Library,Documentary,0,10926,158192,158192
20170908,Hirune-hime: Shiranai watashi no mono…,Drama,0,10865,48198,142399
20170922,Unrest,Documentary,0,10607,40081,49680
20170912,May it Last: A Portrait of the Avett …,Documentary,0,10500,725286,725286
20170915,Red Trees,Documentary,0,10012,10012,10012
20170915,Manolo: The Boy Who Made Shoes for Li…,Documentary,0,8186,60056,64887
20170922,Kongens Nei,Drama,0,7850,113231,679993
20170915,Rat Film,Documentary,0,7793,35195,35195
20170922,Bobbi Jene,Documentary,0,7500,18579,18579
20170929,The Pathological Optimist,Documentary,0,5946,6522,6522
20170922,Ribbons,Thriller/Suspense,0,5715,26872,26872
20170915,Vengeance: A Love Story,Action,0,4526,4526,4526
20170901,The Vault,Thriller/Suspense,0,4308,5728,154115
20170908,Trophy,Documentary,0,3522,21439,22554
20170915,Tiempo de morir,Western,0,3411,14278,14278
20170922,Last Rampage,Thriller/Suspense,0,3054,6294,6294
20170901,A Boy Called Po,Comedy,0,2693,4550,4550
20170901,Dalida,Drama,0,2461,2917,66701
20170908,In Loco Parentis,Documentary,0,2332,37381,87550
20170908,The Challenge,Documentary,0,2171,11043,11043
20170908,Company Town,Documentary,0,2150,4934,4934
20170915,Abracadabra,Comedy,0,2116,13975,2019331
20170927,Bugs,Documentary,0,951,3423,3423
20170915,Extraordinary Ordinary People,Documentary,0,744,880,880
20170919,Jesús,Drama,0,0,0,0
20170908,The Good Catholic,Comedy,0,0,0,0
20170901,Clarence,Documentary,0,0,10495,10495
20170911,September Morning,Drama,0,0,0,0
20170912,Dead Again in Tombstone,Western,0,0,0,0
20170908,Anti-Matter,Thriller/Suspense,0,0,0,0
20170915,Indivisibili,Drama,0,0,0,309584
20170908,The 60 Yard Line,Comedy,0,0,0,0
20170901,Inhumans,Action,0,0,500000,1599957
20170919,Her Last Will,Thriller/Suspense,0,0,0,0
20170908,Free in Deed,Drama,0,0,0,0
20170901,Renegades,Action,0,0,0,626148
20170926,La leggenda del santo bevitore,Drama,0,0,0,0
20170908,Gun Shy,Action,0,0,0,0
20170922,The Houses October Built 2,Horror,0,0,0,0
20170915,Justice,Western,0,0,0,0
20170929,Proyecto Lazaro,Drama,0,0,0,124852
20170929,Stopping Traffic,Documentary,0,0,0,0
20170912,Fear of Water,Drama,0,0,0,0
20170915,Against the Night,Horror,0,0,0,0
20170922,Scareycrows,Horror,0,0,0,0
20170919,Ghost House,Horror,0,0,0,179290
20170901,Jackals,Horror,0,0,0,0
20170915,In Search of Fellini,Adventure,0,0,0,0
20170929,Don’t Sleep,Horror,0,0,0,0
20170915,Ryde,Horror,0,0,0,0
20170917,Saving Brinton,Documentary,0,0,0,0
20170922,Hong Yi Xiao Nu Hai 2,Horror,0,0,0,0
20170906,Spettacolo,Documentary,0,0,0,0
20170905,Chao ji bao biao,Action,0,0,0,0
20170929,"Don Gato, el inicio de la pandilla",Adventure,8000000,0,0,4582848
20170929,Soy Nero,Drama,0,0,0,0
20170926,Lane 1974,Drama,0,0,0,0
20170926,Killer Barby’s,Horror,0,0,0,0
20170929,Signature Move,Romantic Comedy,0,0,0,0
20171006,Blade Runner 2049,Thriller/Suspense,185000000,32753122,92054159,259103376
20171013,Happy Death Day,Thriller/Suspense,5000000,26039025,55683845,124967272
20171020,Tyler Perry’s Boo 2! A Madea Halloween,Comedy,20000000,21226953,47319572,47879572
20171027,Jigsaw,Horror,10000000,16640452,38052832,102630330
20171020,Geostorm,Action,100000000,13707376,33700160,220800160
20171013,The Foreigner,Action,35000000,13113024,34393507,140788326
20171006,The Mountain Between Us,Thriller/Suspense,0,10551336,30348555,59721799
20171006,My Little Pony: The Movie,Adventure,0,8885899,21885107,55573525
20171020,Only the Brave,Drama,38000000,6002665,18340051,21049847
20171027,Thank You for Your Service,Drama,20000000,3817700,9479390,9718331
20171020,The Snowman,Thriller/Suspense,35000000,3372565,6670765,43232849
20171013,Marshall,Drama,12000000,3000805,10051659,10111433
20171027,Suburbicon,Black Comedy,0,2840246,5775178,10244113
20171020,Same Kind of Different as Me,Drama,0,2591985,6423605,6423605
20171027,Let There Be Light,Drama,0,1729535,7233471,7233471
20171020,Golmaal Again,Musical,0,1013893,1013893,34006589
20171013,Professor Marston & The Wonder Women,Drama,0,736883,1585362,1908425
20171006,The Stray,Multiple Genres,0,596547,1579440,1579440
20171006,The Florida Project,Drama,0,156833,5888312,8280740
20171027,All I See is You,Thriller/Suspense,0,144076,217644,278805
20171013,American Satan,Thriller/Suspense,0,135378,226232,226232
20171006,Feng Ren Ji Yue Dui,Musical,0,115524,312537,68722321
20171020,The Killing of a Sacred Deer,Horror,0,115120,2291900,4698349
20171027,The Square,Drama,0,74233,1495866,4290277
20171020,Wonderstruck,Drama,0,65882,1033632,1146661
20171006,Architects of Denial,Documentary,0,58472,65424,65424
20171020,Jane,Documentary,0,58348,1718203,1836868
20171013,Goodbye Christopher Robin,Drama,0,57917,1735251,7254832
20171013,Human Flow,Documentary,0,45677,527845,654726
20171006,Earth: One Amazing Day,Documentary,0,45480,81345,8057996
20171006,Visages villages,Documentary,0,31006,921919,1266131
20171027,Novitiate,Drama,0,22724,580346,580346
20171004,Chavela,Documentary,0,22453,148666,208665
20171013,Breathe,Drama,0,22285,489322,4436864
20171025,God’s Own Country,Drama,0,17768,338027,1791402
20171013,Wasted! The Story of Food Waste,Documentary,0,17189,25865,25865
20171020,Heal,Documentary,0,12668,12668,12668
20171006,Better Watch Out,Horror,0,12569,20369,188756
20171020,Tragedy Girls,Comedy,0,12125,61899,98246
20171020,RV: Resurrected Victims,Thriller/Suspense,0,10589,20371,2309252
20171020,120 battements par minute,Drama,0,8566,121355,364102
20171018,The Paris Opera,Documentary,0,7709,55447,55447
20171006,So B. It,Drama,0,7455,46006,46006
20171027,Bill Nye: Science Guy,Documentary,0,7005,74909,74909
20171027,Mansfield 66/67,Documentary,0,6451,17930,17930
20171006,Dina,Documentary,0,6015,90491,96507
20171020,Aida’s Secrets,Documentary,0,5665,98468,98468
20171006,Trafficked,Drama,0,5648,13476,13476
20171004,Walking Out,Thriller/Suspense,0,5462,102394,102394
20171013,The Departure,Documentary,0,4850,24661,24661
20171027,Die göttliche Ordnung,Drama,0,4405,73251,75475
20171020,Dealt,Documentary,0,4293,30414,30414
20171013,78/52: Hitchcocks Shower Scene,Documentary,0,3738,37664,46830
20171025,The Work,Documentary,0,3286,5853,20574
20171020,Maigret tend un piège,Drama,0,2556,7644,7644
20171006,Paradise,Drama,0,2401,14873,20789
20171027,Brimstone & Glory,Documentary,0,2125,32059,32059
20171027,Félicité,Drama,0,1713,10695,29234
20171028,Amityville: The Awakening,Horror,0,742,742,3726090
20171020,Tiszta Szívvel,Drama,0,380,15856,40718
20171013,Bad Lucky Goat,Drama,0,170,5088,5088
20171010,One Percent More Humid,,0,0,0,0
20171017,Long Live The King,Documentary,0,0,0,0
20171006,Chef,Drama,0,0,0,933212
20171013,For Ahkeem,Documentary,0,0,23136,23136
20171031,Amygdala Warrior,Drama,0,0,0,0
20171013,The Meyerowitz Stories (New and Selec…,Drama,0,0,0,0
20171017,Kanyamakan,Action,0,0,0,0
20171027,Halloween P*ssy Trap Kill! Kill!,Horror,0,0,0,0
20171003,Cult of Chucky,Horror,0,0,0,0
20171003,Stop at Nothing: The Lance Armstrong …,Documentary,0,0,0,0
20171006,Overdrive,Action,0,0,0,4244434
20171027,Discovering Bigfoot,Documentary,0,0,0,0
20171004,The Turtle and the Sea,,0,0,0,0
20171006,Una,Drama,0,0,0,417817
20171003,A December Bride,Comedy,0,0,0,0
20171003,Mully,Documentary,0,0,0,0
20171003,The Scopia Effect,Horror,0,0,0,0
20171013,Alex & Eve,Romantic Comedy,0,0,0,384885
20171024,The Archer,,0,0,0,0
20171024,Espionage Tonight,Comedy,0,0,0,0
20171027,The Truth About Lies,Romantic Comedy,0,0,0,0
20171010,Michael Jackson: Searching For Neverland,Documentary,0,0,0,0
20171003,A Heavenly Christmas,Drama,0,0,0,0
20171010,Sleepwalker,Thriller/Suspense,0,0,0,0
20171010,Etnies: Chapters,Documentary,0,0,0,0
20171031,Thong Dee Fun Khao,,0,0,0,0
20171031,Age of Kill,Action,0,0,0,0
20171006,Dementia 13,Horror,0,0,0,0
20171003,Demon Hole,Black Comedy,0,0,0,0
20171006,A*sholes,Romantic Comedy,0,0,0,0
20171013,B&B,Thriller/Suspense,0,0,0,0
20171006,The Osiris Child: Science Fiction Vol…,Drama,0,0,0,47915
20171013,Monogamish,Documentary,0,0,0,0
20171017,Axeman 2: Overkill,Horror,0,0,0,0
20171010,The Poughkeepsie Tapes,Horror,0,0,0,0
20171017,Capps Crossing,Horror,0,0,0,0
20171004,Charged: The Eduardo Garcia Story,Documentary,0,0,0,0
20171006,Dog Park,Drama,0,0,0,0
20171020,Let Her Out,Horror,0,0,0,0
20171103,Thor: Ragnarok,Action,180000000,122744989,315034967,850630090
20171117,Justice League,Action,300000000,93842239,229007315,655936466
20171122,Coco,Musical,175000000,50802605,208845284,739188107
20171110,Daddy’s Home 2,Comedy,70000000,29651193,104029443,176154137
20171110,Murder on the Orient Express,Drama,55000000,28681472,102826543,349213586
20171117,Wonder,Drama,20000000,27547866,132221523,295514690
20171101,A Bad Moms Christmas,Comedy,28000000,16759161,72110659,127710659
20171117,The Star,Adventure,20000000,9812674,40847995,62005389
20171122,The Man Who Invented Christmas,Adventure,0,1357129,5676110,8092857
20171103,LBJ,Drama,0,1110565,2468683,2468683
20171124,Call Me by Your Name,Drama,0,412932,15764116,32864116
20171103,Lady Bird,Drama,10000000,364437,48701472,64901472
20171110,"Three Billboards Outside Ebbing, Miss…",Black Comedy,12000000,322168,53339205,142339205
20171103,Ittefaq,Thriller/Suspense,0,298032,298032,4881505
20171122,Darkest Hour,Drama,0,175006,56088295,142488295
20171117,"Roman J. Israel, Esq.",Drama,22000000,61999,11962712,12039067
20171124,Yin Bao Zhe,Action,0,55307,118384,7596315
20171103,Mugen no jûnin,Action,0,49569,150532,327343
20171103,Last Flag Flying,Comedy,0,40558,965481,1002354
20171103,My Friend Dahmer,Drama,0,35545,1361611,1361611
20171110,No Greater Love,Documentary,0,21520,30531,30531
20171101,1945,Drama,0,20634,387941,425579
20171124,Bombshell: The Hedy Lamarr Story,Documentary,0,18742,414050,453513
20171117,The Breadwinner,Drama,0,17395,311667,311667
20171103,Wait For Your Laugh,Documentary,0,14946,28548,28548
20171110,Thelma,Drama,0,10841,147112,227576
20171117,Le Crime de Monsieur Lange,Comedy,0,9633,35330,35330
20171110,"Intent to Destroy: Death, Denial & De…",Documentary,0,8699,13194,13194
20171117,Bamui haebyun-eoseo honja,Drama,0,7594,33869,439039
20171129,Naples ‘44,Documentary,0,6636,24616,24616
20171117,Sweet Virginia,Thriller/Suspense,0,5183,11089,17689
20171117,Big Sonia,Documentary,0,4398,160308,160308
20171103,Bad Grandmas,Comedy,0,3380,17688,17688
20171115,Rebels on Pointe,Documentary,0,3270,15088,15088
20171115,Song of Granite,Drama,0,3096,16182,21343
20171101,Frank Serpico,Documentary,0,2283,7489,7489
20171103,Dream Boat,Documentary,0,2199,2199,2199
20171117,Porto,Drama,0,2090,15626,68518
20171121,Le Fidèle,Drama,0,710,16429,96048
20171121,Innsae: The Power of Intuition,Documentary,0,0,0,0
20171128,Just in Time for Christmas,Romantic Comedy,0,0,0,0
20171110,Chimmuk,Drama,0,0,0,3593741
20171103,11/8/2016,Documentary,0,0,0,0
20171101,The Light of the Moon,Drama,0,0,0,0
20171121,Active Adults,Comedy,0,0,0,0
20171110,Pottersville,Comedy,0,0,0,0
20171121,Dismissed,Horror,0,0,0,0
20171110,Mayhem,Action,0,0,0,0
20171107,12 Deaths of Christmas,Horror,0,0,0,0
20171107,Don Quixote: The Ingenious Gentleman …,Adventure,0,0,0,0
20171110,Bitch,Black Comedy,0,0,0,689
20171117,Angelica,Drama,0,0,0,0
20171128,Love Is Thicker Than Water,Romantic Comedy,0,0,0,0
20171107,Der Nachtmahr,Horror,0,0,0,0
20171107,Journey Back to Christmas,Drama,0,0,0,0
20171128,Mario Lanza: The Best of Everything,Documentary,0,0,0,0
20171121,Rökkur,Horror,0,0,0,0
20171107,Depth Perception,Adventure,0,0,0,0
20171114,Looking For Grace,Drama,0,0,0,306416
20171107,Unfallen,Action,0,0,0,0
20171117,Breaking Balls,Documentary,0,0,0,0
20171128,One Christmas Eve,Drama,0,0,0,0
20171110,Destination Unknown,Documentary,0,0,0,4771
20171114,Christmas in the Air,Drama,0,0,0,0
20171110,Painted Woman,Western,0,0,10298,10298
20171103,Battlecreek,Drama,0,0,0,0
20171107,Speak Now,,0,0,0,0
20171124,Eric Clapton: A Life in 12 Bars,Documentary,0,0,0,372328
20171103,It Happened In L.A.,Comedy,0,0,0,0
20171114,Mariah Carey’s All I Want for Chris…,Adventure,0,0,0,0
20171110,Qarib Qarib Singlle,Romantic Comedy,0,0,0,2538479
20171121,Soft Lad,Drama,0,0,0,0
20171103,Repatriation,Drama,0,0,0,0
20171102,I’ll Push You,Documentary,0,0,0,0
20171128,The Wrong Guy,Comedy,0,0,0,0
20171117,Kaze ni Nureta Onna,Drama,0,0,0,0
20171117,Revolt,Thriller/Suspense,0,0,0,0
20171114,Atheist America,Documentary,0,0,0,0
20171128,Silver Bells,Drama,0,0,0,0
20171117,Destined,Drama,0,0,0,0
20171103,Gilbert,Documentary,0,0,0,0
20171121,We’ve Forgotten More Than We Ever Knew,,0,0,0,0
20171103,Princess Cyd,Drama,0,0,0,0
20171110,Santa y Andres,Drama,0,0,0,0
20171128,Trolls Holiday,Adventure,0,0,0,0
20171107,The Pastor’s Daughters,Drama,0,0,0,0
20171104,6:66 P.M.,Horror,0,0,0,0
20171107,Black is the Color,Documentary,0,0,0,0
20171117,Almost Friends,Comedy,0,0,0,0
20171114,Zoologiya,Drama,0,0,0,7223
20171128,New York State Of Mind,Drama,0,0,0,0
20171107,My Christmas Dream,,0,0,0,0
20171107,Gun Runners,Documentary,0,0,0,0
20171107,Ditch Party,Thriller/Suspense,0,0,0,0
20171128,Prehod,Horror,0,0,0,5511
20171107,Thumper,Thriller/Suspense,0,0,0,0
20171117,Cook Off!,Comedy,0,0,0,0
20171128,Remember Me,Comedy,0,0,0,0
20171114,Spreading Darkness,Action,0,0,0,0
20171108,Hello Again,Musical,0,0,0,0
20171215,Star Wars Ep. VIII: The Last Jedi,Action,0,220009584,619483244,1321513738
20171220,Jumanji: Welcome to the Jungle,Adventure,90000000,36169328,397250265,934106524
20171222,Pitch Perfect 3,Comedy,0,19928525,104897530,184554107
20171215,Ferdinand,Adventure,111000000,13401586,83362967,290151548
20171220,The Greatest Showman,Musical,84000000,8805843,167614558,388714558
20171225,All the Money in the World,Thriller/Suspense,0,5584684,25076269,53733187
20171222,Downsizing,Comedy,68000000,4954287,24449754,39178452
20171222,Father Figures,Comedy,25000000,3287451,17501244,20597799
20171208,Just Getting Started,Comedy,22000000,3201459,6069605,6709821
20171225,Molly’s Game,Drama,0,2349967,28780744,53398240
20171222,Tiger Zinda Hai,Action,0,1787108,5560921,76607340
20171201,The Disaster Artist,Comedy,0,1211345,21120616,26061726
20171222,The Post,Drama,50000000,526011,81159866,152400164
20171215,Fang Hua,Drama,0,338604,1891956,223414744
20171208,"I, Tonya",Black Comedy,11000000,264155,29509813,45709813
20171225,Phantom Thread,Drama,0,216495,20713025,41413025
20171222,Along With The Gods: The Two Worlds,Action,0,185546,1908822,110418041
20171229,Qian Ren 3: Yan Zhi Da Zuo Zhan,Comedy,0,180920,837791,306848352
20171201,The Shape of Water,Drama,19500000,166564,60940802,148340802
20171201,Wonder Wheel,Drama,0,125570,1403237,7969645
20171201,The Swindlers,Thriller/Suspense,0,82818,241916,29572150
20171215,Qi Man Dun Jia,Action,0,57837,124187,46057737
20171229,Film Stars Don’t Die in Liverpool,Drama,0,45192,772478,2676871
20171222,Happy End,Drama,0,23091,285532,1300725
20171222,Hostiles,Western,0,22849,29614666,30801855
20171201,Toivon Tuolla Puolen,Comedy,0,15495,184090,1657686
20171227,Aus dem Nichts,Drama,0,10455,300212,559109
20171201,Big Time,Documentary,0,7347,7347,7347
20171201,Quest,Documentary,0,6591,47807,50018
20171215,"Psiconautas, los niños olvidados",Horror,0,5849,38785,52273
20171215,Permanent,Comedy,0,5722,12847,12847
20171215,The Ballad of Lefty Brown,Western,0,5559,7856,7856
20171201,xiu chun dao II: xiu luo zhan chang,Action,0,5296,14204,39397072
20171201,Shadowman,Documentary,0,4113,13498,13498
20171201,Badsville,Drama,0,3050,4153,4153
20171201,Oro,Adventure,0,2571,5539,4528185
20171201,The Tribes of Palos Verdes,Drama,0,796,4615,4615
20171221,The Lucky Man,Action,0,636,25015,25015
20171231,Swords and Sceptres,Drama,0,0,0,0
20171231,Aqours 2nd Love Live! Happy Party Tra…,Concert/Performance,0,0,0,22864
20171231,Kupi Menya,Drama,0,0,0,221967
20171231,Sachin,Documentary,0,0,0,6630190
20171231,The Front Runner,Drama,0,0,0,0
20171231,Mult v Kino: Vypusk No. 68,Adventure,0,0,0,106756
20171231,666 Cin Musallati,Horror,0,0,0,46798
20171231,Ver Kaç,Drama,0,0,0,21422
20171231,Ang Panday,Adventure,0,0,0,13476
20171231,Cheliyaa,Drama,0,0,0,6050
20171231,Mary Magdalene,Drama,0,0,0,7634
20171231,Deo Teibeul,Drama,0,0,0,731079
20171231,Askeladden – I Dovregubbens Hall,Adventure,0,0,0,85834
20171231,Magnum Opus,Drama,0,0,0,0
20171201,Drawing Home,Adventure,0,0,0,0
20171231,Untitled Universal Monster Franchise …,,0,0,0,0
20171231,Micro,Thriller/Suspense,0,0,0,0
20171231,Jue Shi Gao Shou,Comedy,0,0,0,14430000
20171231,Pappa Tamne Nahi Samjay,Drama,0,0,0,11482
20171231,Access All Areas,Drama,0,0,0,1346
20171231,Tátova volha,Comedy,0,0,0,582186
20171231,Toc Toc,Comedy,0,0,0,7163058
20171231,Les Aventures de Spirou et Fantasio,Adventure,0,0,0,1571520
20171231,Take That: Wonderland Live from the O2,Concert/Performance,0,0,0,1422889
20171231,Neruppuda,Action,0,0,0,2356
20171231,Lo Mas Sencillo es Complicarlo Todo,Comedy,0,0,0,1315612
20171231,Under the Eiffel Tower,Adventure,0,0,0,0
20171231,Australia Day,Drama,0,0,0,17346
20171231,Barbara,Drama,0,0,0,8070
20171231,Star Worlds Episode XXXIVE=MC2: The F…,Comedy,0,0,0,0
20171231,Miraç,Drama,0,0,0,17492
20171231,Podhuvaga Emmanasu Thangam,Action,0,0,0,1602
20171231,Verão Danado,Drama,0,0,0,4027
20171231,Tea Pets,Adventure,0,0,0,4010000
20171231,Bolshoi Ballet: The Taming of the Shrew,Concert/Performance,0,0,0,80510
20171231,The Pages,Thriller/Suspense,0,0,0,0
20171231,Live!,Action,0,0,0,0
20171231,Ach Spij Kochanie,Thriller/Suspense,0,0,0,27368
20171231,Ferrari 312B: Where the revolution be…,Documentary,0,0,0,22849
20171231,Dikkertje Dap,Adventure,0,0,0,2153891
20171231,Balloon,Horror,0,0,0,1196353
20171231,Falling in Love,Drama,0,0,0,1270000
20171231,Veleno,Drama,0,0,0,30997
20171231,Güzel Adam Süreyya,Documentary,0,0,0,8113
20171231,4N1K,Romantic Comedy,0,0,0,1412994
20171231,Sonagi,Adventure,0,0,0,76743
20171231,Mult v Kino: Vypusk No. 67,Adventure,0,0,0,93919
20171231,Going Places,Comedy,0,0,0,0
20171231,Sivalinga,Horror,0,0,0,18382
20171231,???????,Drama,0,0,0,76890
20171231,Namiya Zakkaten no Kiseki,Drama,0,0,0,35993410
20171231,Paw Patrol: Mission Big Screen,Adventure,0,0,0,54688
20171205,Everything Beautiful is Far Away,Drama,0,0,0,0
20171231,The Tale,Drama,0,0,0,0
20171231,11,Thriller/Suspense,0,0,0,69399
20171231,Normandie-Niemen,Drama,0,0,0,0
20171208,The Pirates Of Somalia,Drama,0,0,0,20678
20171231,El Fútbol o yo,Comedy,0,0,0,0
20171231,Polícia Federal: A Lei é Para Todos,Thriller/Suspense,0,0,0,2300000
20171231,Come Un Gatto in Tangenziale,Comedy,0,0,0,11600007
20171231,The Dwarf,Drama,0,0,0,0
20171231,Amar,Drama,0,0,0,63766
20180105,Insidious: The Last Key,Horror,0,29581355,67347895,165329498
20180126,Maze Runner: The Death Cure,Thriller/Suspense,61000000,24167011,57448833,283548833
20180119,12 Strong,Drama,35000000,15815025,45304911,59282395
20180119,Den of Thieves,Action,30000000,15206108,44863974,72363974
20180112,The Commuter,Action,0,13701452,36317285,86290783
20180112,Paddington 2,Adventure,0,11001961,40335451,198938660
20180112,Proud Mary,Action,0,9959053,20868638,21579735
20180125,Padmavati,Drama,0,4493384,11846060,21963600
20180119,Forever My Girl,Drama,3500000,4245630,16251220,16251220
20180119,Meari to majo no hana,Adventure,0,1515939,2358804,33129687
20180112,Condorito: La Pelicula,Adventure,0,248456,447719,7147719
20180105,Yao Ling Ling,Comedy,0,79180,186135,56681972
20180119,The Final Year,Documentary,0,67971,191900,265072
20180105,Namiya,Drama,0,39584,39584,22859584
20180112,Parchi,Comedy,0,34437,69431,77113
20180112,L’insulte,Drama,0,24600,911469,1849806
20180112,Wastelander,Action,0,23078,57545,57545
20180119,The Road Movie,Documentary,0,17175,35757,35757
20180105,Django,Documentary,0,11722,56556,252722
20180126,Desolation,Thriller/Suspense,0,11320,16920,16920
20180126,Da Shi Jie,Comedy,0,10463,70956,180956
20180117,Beuys,Documentary,0,9084,53676,66562
20180112,Memorias del subdesarrollo,Drama,0,8244,29647,29647
20180119,Ridge Runners,Drama,0,8015,26019,26019
20180119,A Ciambra,Drama,0,6330,30988,61980
20180105,Bar Bahar,Drama,0,5888,84901,874332
20180112,My Art,Comedy,0,5538,12554,12554
20180126,Like Me,Drama,0,5064,12965,12965
20180112,Freak Show,Comedy,0,4809,18216,18216
20180126,Please Stand By,Drama,0,4090,9868,10765
20180119,Mama Africa,Documentary,0,3495,9808,9808
20180112,Vazante,Drama,0,3489,19056,19056
20180112,Humor Me,Comedy,0,3342,38419,38419
20180105,In the Land of Pomegranates,Documentary,0,3072,7014,7014
20180126,Kickboxer: Retaliation,Action,0,3061,4537,31049
20180119,Kangaroo,Documentary,0,2282,4547,4547
20180126,West of the Jordan River,Documentary,0,1047,1926,1926
20180123,Batman: Gotham By Gaslight,Adventure,0,0,0,0
20180123,"Diana, Our Mother, Her Life and Legacy",Documentary,0,0,0,0
20180105,Er Dai Yao Jing,Romantic Comedy,0,0,0,45370000
20180109,Scooby-Doo! & Batman: The Brave and t…,Action,0,0,0,0
20180130,Viva L’Italia,Documentary,0,0,0,0
20180112,Acts of Violence,Action,0,0,0,0
20180119,This Giant Papier-Mâché Boulder Is …,Action,0,0,0,16268
20180109,Somebody’s Mother,Drama,0,0,0,0
20180119,Mom & Dad,Black Comedy,0,0,0,0
20180130,Eruption L.A.,Action,0,0,0,0
20180119,Dance Baby Dance,Drama,0,0,0,0
20180102,Love at First Glance,Drama,0,0,0,0
20180105,The Strange Ones,Thriller/Suspense,0,0,0,0
20180112,Abe & Phil's Last Poker Game,Comedy,0,0,0,0
20180130,Rendel: Dark Vengeance,Action,0,0,0,0
20180116,100 Men,Documentary,0,0,0,0
20180126,American Folk,Drama,0,0,0,0
20180123,A Dog and Pony Show,Comedy,0,0,0,0
20180116,The Track,Drama,0,0,0,0
20180109,Dark Harvest,Drama,0,0,0,0
20180126,The Competition,Romantic Comedy,0,0,0,0
20180123,Dark Meridian,Thriller/Suspense,0,0,0,0
20180123,Surviving Indie,Documentary,0,0,0,0
20180123,Trump: The Art of the Insult,Documentary,0,0,0,0
20180112,Ku Qian,Documentary,0,0,0,0
20180109,Crazy Famous,Comedy,0,0,0,0
20180126,The Clapper,Comedy,0,0,0,6959
20180130,Pipeline Fighters,Documentary,0,0,0,0
20180105,Stratton,Action,0,0,0,95743
20180116,’89,Documentary,0,0,0,0
20180109,Chasing Evel: The Robbie Knievel Story,Documentary,0,0,0,0
20180129,‘85 The Greatest Team in Football H…,Documentary,0,0,115463,115463
20180102,Death Island: Paranormal Retribution,Horror,0,0,0,0
20180103,Anatomy of a Male Ballet Dancer,Documentary,0,0,0,0
20180119,Small Town Crime,Thriller/Suspense,0,0,0,0
20180125,Geugeotmani Nae Sesang,Comedy,0,0,0,25706876
20180116,Pornocratie: Les nouvelles multinatio…,Documentary,0,0,0,0
20180109,Nuclear Crisis: Planet Earth,Documentary,0,0,0,0
20180123,Jawbone,Action,0,0,0,33905
20180105,Madtown,Drama,0,0,0,0
20180119,The Revival,Drama,0,0,0,0
20180112,Inside,Horror,0,0,0,586727
20180119,Delirium,Horror,0,0,0,0
20180119,The Midnight Man,Horror,0,0,0,2401164
20180112,L’ Amant d’ un jour,Drama,0,0,0,23692
20180112,Saturday Church,Drama,0,0,0,0
20180123,Boyfriend Killer,Thriller/Suspense,0,0,0,0
20180123,Hunted by a Myth,Documentary,0,0,0,0
20180126,The Neighbor,Thriller/Suspense,0,0,0,0
20180109,Nails,Horror,0,0,0,0
20180130,The Underground,Documentary,0,0,0,0
20180109,CODumentary,Documentary,0,0,0,0
20180123,Exhibition On Screen: Hockney,Documentary,0,0,0,115600
20180102,Love Locks,Romantic Comedy,0,0,0,0
20180126,No Intenso Agora,Documentary,0,0,0,0
20180102,Bigfoot Country,Horror,0,0,0,0
20180105,Day of the Dead: Bloodline,Horror,0,0,0,59384
20180116,Hôhokekyo tonari no Yamada-kun,Adventure,0,0,0,0
20180105,Project Eden: Vol. 1,Thriller/Suspense,0,0,0,0
20180119,Showdown in Manila,Action,0,0,0,0
20180119,Gintama,Action,0,0,0,42089904
20180109,The Beyond,Horror,0,0,0,0
20180123,Act & Punishment,Documentary,0,0,0,0
20180216,Black Panther,Action,200000000,202003951,561697180,1078297180
20180209,Fifty Shades Freed,Drama,55000000,38560195,98382615,359382615
20180209,Peter Rabbit,Adventure,50000000,25010928,93433524,119633524
20180223,Game Night,Comedy,37000000,17005332,45004023,69608622
20180209,The 15:17 to Paris,Drama,30000000,12554286,35772875,53172875
20180223,Annihilation,Thriller/Suspense,55000000,11071584,26246833,26246833
20180202,Winchester,Thriller/Suspense,3500000,9307626,24871652,38511652
20180216,Early Man,Adventure,50000000,3190525,8030418,37017343
20180223,Every Day,Drama,0,3016149,5630476,6340900
20180216,Samson,Drama,0,1942569,4627245,4676322
20180209,La Boda de Valentina,Romantic Comedy,0,1147073,2761091,11023061
20180209,Padman,Comedy,0,740313,1662927,18027900
20180216,Tang Ren Jie Tan An 2,Action,0,704047,1908114,524603114
20180209,2018 Oscar Shorts,Multiple Genres,0,695044,3465810,3468155
20180223,Hong Hai Xing Dong,Action,0,436059,1279397,530604397
20180216,Zhuo yao ji 2,Adventure,0,341834,706153,356216961
20180202,Bilal: A New Breed of Hero,Adventure,30000000,309951,490515,636684
20180209,But Deliver Us From Evil,Horror,0,99541,216079,216079
20180216,Xi You Ji Nu Er Guo,Action,0,95577,187074,114286104
20180214,L'Amant Double,Drama,0,76947,160759,1321186
20180202,Una mujer fantástica,Drama,0,64241,781558,1697060
20180223,Dong Du Te Gong,Comedy,0,62235,138031,138031
20180202,Nan Ji Jue Lian,Adventure,0,57713,118352,36985062
20180216,Nelyubov,Drama,0,38184,221568,2902600
20180216,The Party,Drama,0,37396,485143,3324946
20180216,Joseon Myungtamjung: Heubhyeolgwimaui…,Comedy,0,30288,103523,18677948
20180223,Le Jeune Karl Marx,Drama,0,26097,79407,268479
20180216,Nostalgia,Drama,0,15955,84000,84000
20180209,Golden Exits,Drama,0,11719,37801,37801
20180216,Western,Drama,0,8534,23026,23026
20180202,Sanpo Suru Shinryakusha,Drama,0,8370,45190,45190
20180202,24 Frames: Before and After Lumiere,Drama,0,8101,28551,28551
20180209,The Female Brain,Comedy,0,6886,16273,16273
20180216,The Boy Downstairs,Romantic Comedy,0,5995,13638,13638
20180216,Mind Game,Adventure,0,5609,21054,21054
20180214,Tehran Taboo,Drama,0,4962,37637,37637
20180214,The Wedding Party 2: Destination Dubai,Comedy,0,4905,11140,73115
20180223,The Cured,Horror,0,4875,10936,10936
20180223,November,Drama,0,4300,8620,8620
20180202,The Cage Fighter,Reality,0,1204,2027,2027
20180206,Along for the Ride,Documentary,0,0,0,0
20180209,Becks,Drama,0,0,0,0
20180206,House of Demons,Horror,0,0,0,0
20180220,The Perfect Bride,Drama,0,0,0,0
20180209,Caffè,Drama,0,0,0,0
20180202,Living Among Us,Horror,0,0,0,0
20180213,Lucky U Ranch,Drama,0,0,0,0
20180206,Accident Man,Action,0,0,0,0
20180213,Hellraiser: Judgment,Horror,0,0,0,0
20180220,Rise of the Footsoldier Part II,Drama,0,0,0,8145
20180209,Happy Family,Adventure,0,0,0,12139861
20180213,#FromJennifer,Horror,0,0,0,0
20180223,Curvature,Drama,0,0,0,0
20180223,7 Guardians of the Tomb,Action,0,0,0,7623196
20180213,The Hudson Tribes,Thriller/Suspense,0,0,0,0
20180213,Bobby the Hedgehog,Adventure,0,0,0,1341228
20180223,The Lodgers,Horror,0,0,0,0
20180223,El Mar La Mar,Documentary,0,0,0,0
20180216,The Scent of Rain and Lightning,Drama,0,0,0,0
20180206,Sebastian,Drama,0,0,0,0
20180216,Looking Glass,Thriller/Suspense,0,0,0,0
20180220,Australien Skies 2: Contact of Interest,Documentary,0,0,0,0
20180216,Aiyaary,Drama,0,0,0,150418
20180227,Serpent’s Lair,Horror,0,0,0,0
20180220,Mad to be Normal,Drama,0,0,0,81787
20180228,Did You Wonder Who Fired The Gun?,Documentary,0,0,0,0
20180202,Scorched Earth,Action,0,0,0,0
20180206,Pup Star,Adventure,0,0,0,0
20180206,Blueprint,Drama,0,0,0,0
20180209,Bomb City,Drama,0,0,0,0
20180202,La Musica del Silenzio,Drama,0,0,0,73741
20180209,First We Take Brooklyn,Drama,0,0,0,0
20180213,Grindhouse Nightmares,Horror,0,0,0,0
20180227,Primal Rage,Horror,0,0,0,0
20180213,The Exhibition,Documentary,0,0,0,0
20180223,Half Magic,Comedy,0,0,0,0
20180213,Lego DC Super Heroes: The Flash,Adventure,0,0,0,0
20180202,Shan zhong zhuan qi,Thriller/Suspense,0,0,4592,4592
20180213,Flint,Drama,0,0,0,0
20180213,That’s Not Me,Comedy,0,0,0,43554
20180213,Teenage Cocktail,Drama,0,0,0,0
20180223,Golden Slumber,Thriller/Suspense,0,0,0,10695562
20180206,Kill Order,Action,0,0,0,0
20180209,Still/Born,Horror,0,0,0,0
20180223,Mute,Thriller/Suspense,0,0,0,0
20180206,Red Dog: True Blue,Drama,0,0,0,6008925
20180220,Neat: The Story of Bourbon,Documentary,0,0,0,0
20180206,Off The Menu,Romantic Comedy,0,0,0,0
20180209,Entanglement,Romantic Comedy,0,0,0,0
20180206,Casanova Variations,Drama,0,0,0,0
20180209,Fake Blood,Documentary,0,0,0,0
20180206,Basmati Blues,Musical,0,0,0,15651
20180209,Estiu 1993,Drama,0,0,0,1428032
20180204,The Cloverfield Paradox,Horror,0,0,0,0
20180223,Hannah,Drama,0,0,0,88558
20180213,A Bond Unbroken,Documentary,0,0,0,0
20180213,Have a Little Faith,Drama,0,0,0,0
20180209,The Peacemaker,Documentary,0,0,0,0
20180213,Landline: A Vans Snowboarding Video,Documentary,0,0,0,0
20180202,Braven,Action,0,0,0,122072
20180309,A Wrinkle in Time,Adventure,103000000,33123609,33123609,39423609
20180302,Red Sparrow,Thriller/Suspense,69000000,16853422,31471006,83271006
20180302,Death Wish,Action,30000000,13010267,23856431,28306431
20180309,The Strangers: Prey at Night,Horror,0,10402271,10402271,10542271
20180309,The Hurricane Heist,Thriller/Suspense,40000000,3024399,3024399,6184399
20180309,Gringo,Black Comedy,0,2722420,2722420,3578420
20180309,Thoroughbreds,Drama,0,1224430,1224430,1224430
20180309,The Death of Stalin,Comedy,0,184805,184805,7650692
20180302,Foxtrot,Drama,0,31629,69883,69883
20180309,Leaning into the Wind,Documentary,0,24840,24840,24840
20180309,Meditation Park,Drama,0,19976,19976,19976
20180309,Gui Mi 2,Comedy,0,15044,15044,9823382
20180302,Oh Lucy!,Comedy,0,14569,53170,53170
20180309,Itzhak,Documentary,0,14442,14442,14442
20180302,Death House,Horror,0,10140,10615,10615
20180302,Apocalypsis,Thriller/Suspense,0,3945,6502,6502
20180302,American Socialist: The Life & Times …,Documentary,0,2823,2823,2823
20180302,Souvenir,Drama,0,2267,2267,65144
20180309,Our Blood is Wine,Documentary,0,1540,1540,1540
20180323,Les Fantômes d'Ismaël,Thriller/Suspense,0,0,0,1165000
20180306,Firetrail,Action,0,0,0,0
20180302,Submission,Drama,0,0,3394,3394
20180302,The Vanishing of Sidney Hall,Drama,0,0,0,0
20180328,The Gardener,Documentary,0,0,0,0
20180330,Love After Love,Drama,0,0,0,0
20180313,Wedding March 2: Resorting to Love,Romantic Comedy,0,0,0,0
20180323,Pacific Rim: Uprising,Action,150000000,0,0,0
20180309,3 Storeys,,0,0,0,5578
20180309,Los Angeles Overnight,Thriller/Suspense,0,0,0,0
20180316,I Can Only Imagine,Drama,0,0,0,0
20180330,A Little Something for your Birthday,Comedy,0,0,0,60301
20180316,Maineland,Documentary,0,0,0,0
20180302,Mohawk,Horror,0,0,0,0
20180330,Outside In,Drama,0,0,0,0
20180330,Finding Your Feet,Comedy,0,0,0,6178017
20180306,Wu Kong,Action,0,0,0,0
20180331,God Bless the Broken Road,Drama,0,0,0,0
20180313,"Uncle Tony, Three Fools and the Secre…",Documentary,0,0,0,0
20180302,Hondros,Documentary,0,0,0,0
20180326,The Executioners,Horror,0,0,0,0
20180302,Midnighters,Thriller/Suspense,0,0,0,0
20180316,Furlough,Comedy,0,0,0,0
20180316,7 Days in Entebbe,Drama,0,0,0,0
20180330,Birthmarked,Comedy,0,0,0,0
20180306,Eat Me,Thriller/Suspense,0,0,0,0
20180323,The Chamber,Thriller/Suspense,0,0,0,0
20180302,Lasciati Andare,Comedy,0,0,0,2102446
20180323,Getting Grace,Comedy,0,0,0,0
20180306,American Yogi,Documentary,0,0,0,0
20180330,The Last Movie Star,Drama,0,0,0,0
20180323,L’atalier,,0,0,0,0
20180323,Followers,Thriller/Suspense,0,0,0,0
20180316,The Happys,Comedy,0,0,0,0
20180323,Le Vin et le Vent,Drama,0,0,0,1168234
20180316,Allure,Thriller/Suspense,0,0,0,0
20180323,Final Portrait,Drama,0,0,0,1020073
20180330,After Louie,Drama,0,0,0,0
20180331,L'Odyssée,Drama,0,0,0,767743
20180323,"Paul, Apostle of Christ",Adventure,0,0,0,0
20180329,Ready Player One,Adventure,0,0,0,0
20180316,Dear Dictator,Comedy,0,0,0,0
20180316,Josie,Drama,0,0,0,0
20180313,Suspiria,Horror,0,0,0,2311
20180323,Sherlock Gnomes,Adventure,0,0,0,0
20180320,Augie,Documentary,0,0,0,0
20180309,Volki i ovtsy,Adventure,0,0,0,3459506
20180313,Hellcat’s Revenge,Action,0,0,0,0
20180309,1:54,Drama,0,0,0,0
20180323,Unsane,Thriller/Suspense,0,0,0,0
20180323,Isle of Dogs,Comedy,0,0,0,0
20180320,Courting a Killer,Thriller/Suspense,0,0,0,0
20180330,God’s Not Dead: A Light in Darkness,Drama,0,0,0,0
20180323,Izzy Gets the F**k Across Town,,0,0,0,0
20180316,Keep The Change,Romantic Comedy,0,0,0,12544
20180316,Flower,Drama,0,0,0,0
20180302,Dance Academy,Drama,0,0,0,1535387
20180316,Tilt,Thriller/Suspense,0,0,0,0
20180323,Un Sac De Billes,Drama,0,0,0,1056050
20180302,They Remain,Thriller/Suspense,0,0,0,0
20180330,Caught,Horror,0,0,0,0
20180330,Status Update,Comedy,0,0,0,190188
20180313,When The Starlight Ends,Romantic Comedy,0,0,0,0
20180302,Pickings,Western,0,0,0,0
20180323,Pyewacket,Horror,0,0,0,0
20180327,Batman & Mr. Freeze: Subzero,Adventure,0,0,0,0
20180330,Acrimony,Thriller/Suspense,0,0,0,0
20180328,Kirk Cameron: Connect,Documentary,0,0,0,0
20180306,Con Man,Drama,0,0,0,0
20180323,Hichki,Drama,0,0,0,0
20180323,I Kill Giants,Horror,0,0,0,0
20180323,What We Started,Documentary,0,0,0,0
20180309,La caméra de Claire,Drama,0,0,0,0
20180316,"Love, Simon",Drama,0,0,0,0
20180323,Midnight Sun,Drama,0,0,0,0
20180323,Shifting Gears,Action,0,0,0,0
20180316,Tomb Raider,Action,0,0,0,14100000
20180316,Ramen Heads,Documentary,0,0,0,0
20180330,The China Hustle,Documentary,0,0,0,0
20180309,The Leisure Seeker,Drama,0,0,0,14004977
20180302,Don’t Talk to Irene,Comedy,0,0,0,0
